Los patos de Janet ponen 16 huevos por día. Ella come tres en el desayuno todas las mañanas y usa cuatro para hornear magdalenas para sus amigos todos los días. Vende lo que sobra en el mercado de productores diariamente a $2 el huevo fresco de pato. ¿Cuánto gana en dólares todos los días en el mercado de productores?	18
Una bata lleva 2 rollos de tela azul y la mitad de esa cantidad de tela blanca. ¿Cuántos rollos se necesitan en total?	3
Josh decide intentar remodelar y vender una casa. Compra una casa de $80 000 y luego agrega $50 000 para las reparaciones. Esto aumenta un 150 % el valor de la casa. ¿Cuánto obtuvo de ganancia?	70000
James decide correr 3 carreras de velocidad 3 veces por semana. Corre 60 metros en cada carrera de velocidad. ¿Cuántos metros corre en total por semana?	540
Todos los días, Wendi alimenta a cada uno de sus pollos con tres tazas de alimento mixto para pollo que contiene semillas, larvas y verduras para ayudarlos a mantenerse saludables. Alimenta a los pollos en tres comidas separadas. Por la mañana, le da a su bandada de pollos 15 tazas de alimento. Por la tarde, le da otras 25 tazas de alimento. ¿Cuántas tazas de alimento necesita darle a sus pollos en la última comida del día si el tamaño de la bandada de Wendi es de 20 pollos?	20
Kylar fue a la tienda a comprar vasos para su nuevo departamento. Un vaso cuesta $5, pero cada segundo vaso cuesta solo el 60 % del precio. Kylar quiere comprar 16 vasos. ¿Cuánto dinero necesita para pagarlos?	64
En Toulouse hay el doble de ovejas que en Charleston. En Charleston hay 4 veces más ovejas que en Seattle. ¿Cuántas ovejas hay en total en Toulouse, Charleston y Seattle si en Seattle hay 20 ovejas?	260
Carla está descargando un archivo de 200 GB. Por lo general, puede descargar 2 GB por minuto, pero en el 40 % de la descarga, Windows fuerza un reinicio para instalar actualizaciones, lo que demora 20 minutos. Entonces Carla tiene que reiniciar la descarga desde el principio. ¿Cuánto tiempo lleva la descarga del archivo?	160
John conduce durante 3 horas a una velocidad de 60 mph y luego da la vuelta porque se da cuenta de que se olvidó algo muy importante en la casa. Intenta volver a la casa en 4 horas, pero pasa las primeras 2 horas en un embotellamiento de tráfico. La siguiente media hora conduce a una velocidad de 30 mph antes de poder conducir el tiempo restante de las 4 horas a 80 mph. ¿A qué distancia de la casa se encuentra al final de esas 4 horas?	45
La tarifa de Eliza por hora para las primeras 40 horas de trabajo cada semana es $10. También recibe un pago por horas extras de 1,2 veces su tarifa habitual por hora. ¿Cuánto gana Eliza esta semana si trabajó 45 horas?	460
Un programa nuevo tuvo 60 descargas en el primer mes. La cantidad de descargas en el segundo mes fue tres veces más que las descargas en el primer mes, pero luego se redujo un 30 % en el tercer mes. ¿Cuántas descargas tuvo en total el programa durante los tres meses?	366
Toula fue a la panadería y compró distintos tipos de pasteles. Compró 3 docenas de donas que cuestan $68 la docena, 2 docenas de mini pastelillos que cuestan $80 la docena y 6 docenas de tortitas de queso a $55 la docena. ¿Cuánto costó todo?	694
Carlos planta un limonero. Plantar el árbol le costará $90. Cada año dará 7 limones, que puede vender a $1,5 cada uno. Regar y nutrir el árbol cuesta $3 al año. ¿Cuántos años le llevará comenzar a ganar dinero con el limonero?	13
Melanie es vendedora a domicilio. Vendió un tercio de sus aspiradoras en la casa verde, 2 más en la casa roja y la mitad de lo que le quedaba en la casa naranja. Si a Melanie le quedan 5 aspiradoras, ¿cuántas tenía al comienzo?	18
En una clase de danza de 20 estudiantes, el 20 % se inscribió en danza contemporánea, el 25 % del resto se inscribió en danza jazz y el resto se inscribió en danza hip-hop. ¿Qué porcentaje del total de los estudiantes se inscribió en danza hip-hop?	60
Un comerciante quiere elegir entre 2 planes de compra: joyas por un valor de $5000 o dispositivos electrónicos por un valor de $8000. Su asesor financiero especula con que el mercado de las joyas subirá un 2,5 % mientras que el mercado de los dispositivos electrónicos subirá un 1,2 % en el mismo mes. Si el comerciante quiere elegir una opción que le permita aumentar al máximo la ganancia al final de este mes, ¿de cuánto sería esta ganancia?	125
Dos trenes salen de San Rafael a la misma hora. Comienzan a viajar hacia el oeste, ambos recorren 80 millas. Al día siguiente, viajan hacia el norte y recorren 150 milla. ¿Qué distancia recorrió cada tren en los dos días?	230
A Jill le pagan $20 la hora por enseñar y $30 por ser entrenadora de porristas. ¿Cuál es su salario anual si trabaja 50 semanas al año, 35 horas a la semana como maestra y 15 horas a la semana como entrenadora?	57500
Claire prepara una tortilla de huevos con 3 huevos todas las mañanas para el desayuno. ¿Cuántas docenas de huevo comerá en 4 semanas?	7
Marissa sale de excursión por un sendero de 12 millas. Le llevó 1 hora caminar las primeras 4 millas, luego otra hora caminar las siguientes dos millas. Si quiere que su velocidad promedio sea 4 millas por hora, ¿a qué velocidad (en millas por hora) debe caminar el resto de la distancia?	6
Tengo 10 litros de refresco de naranja que contienen dos tercios de agua y quiero agregarlo a 15 litros de refresco de piña que contienen tres quintos de agua. Pero al verterlo, derramo un litro de refresco de naranja. ¿Cuánta agua hay en los 24 litros restantes?	15
Raymond y Samantha son primos. Raymond nació 6 años antes que Samantha. Raymond tuvo un hijo a los 23 años. Si Samantha ahora tiene 31 años, ¿cuántos años hace que nació el hijo de Raymond?	14
Billy vende DVD. El martes recibe 8 clientes. Sus primeros 3 clientes compran un DVD cada uno. Los siguientes 2 clientes compran 2 DVD cada uno. Los últimos 3 clientes no compran ningún DVD. ¿Cuántos DVD vendió Billy el martes?	7
Una vela se derrite 2 centímetros cada hora que está encendida. ¿Cuántos centímetros más corta será una vela después de arder de la 1:00 p. m. a las 5:00 p. m.?	8
Kyle compró el libro más vendido del año pasado por $19,50. Esto es con un 25 % de descuento del precio original. ¿Cuál era el precio original del libro?	26
Marie pidió una comida con pollo que cuesta $12, 5 cajas de leche que cuestan $3 cada una, 4 manazas que cuestan $1,50 cada una y algunas cajas de pizza. Marie pagó un total de $50. ¿Cuántas cajas de pizza pidió Marie si cada caja cuesta $8,50?	2
Mishka compró 3 pares de pantalones cortos, 3 pares de pantalones y 3 pares de zapatos. Un par de pantalones cortos cuesta $16,50. Un par de pantalones cuesta $22,50 y un par de zapatos cuesta $42. ¿Cuántos dólares gastó Mishka en todas las prendas de vestir?	243
Cynthia come una porción de helado todas las noches. Compra cajas de helado con 15 porciones de helado cada una a un costo de $4,00 la caja. ¿Cuánto gastará en helado después de 60 días?	16
Henry hizo dos paradas durante su viaje en bicicleta de 60 millas. Primero paró después de 20 millas. Su segunda parada fue 15 millas antes de terminar el viaje. ¿Cuántas millas recorrió entre la primera y la segunda parada?	25
Gloria está comprando zapatos cuando ve un par de botas que se ajustan a su presupuesto para zapatos. Sin embargo, debe elegir entre las botas y dos pares de zapatos de taco alto que sumados cuestan cinco dólares menos que las botas. Si un par de zapatos de taco alto cuesta $33 y el otro cuesta el doble, ¿cuánto cuestan las botas?	104
La proporción de las edades de Darrell y Allen es 7:11. Calcule la edad de Allen dentro de 10 años si la edad total de ambos ahora es 162.	109
Gunter está tratando de contar los caramelos de goma que hay en un frasco. Le pregunta a sus amigos cuántos creen que hay en el frasco. Uno dice 80. Otro dice 20 más que la mitad del primero. Un tercero dice un 25 % más que el primero. ¿Cuál es su cálculo promedio?	80
John cuida 10 perros. A cada perro le lleva media hora por día pasear y hacer sus necesidades. ¿Cuántas horas a la semana le dedica al cuidado de los perros?	35
Gretchen tiene 110 monedas. Hay 30 monedas más de oro que de plata. ¿Cuántas monedas de oro tiene Gretchen?	70
Siobhan tiene 2 joyas menos que Aaron. Aaron tiene 5 joyas más que la mitad de joyas de Raymond. Si Raymond tiene 40 joyas, ¿cuántas joyas tiene Siobhan?	23
Mike juega al pimpón durante 40 minutos. En los primeros 20 minutos, gana 4 puntos. En los segundos 20 minutos, gana un 25 % más de puntos. ¿Cuántos puntos ganó en total?	9
Terry come 2 yogures por día. Actualmente hay una oferta de 4 yogures por $5. ¿Cuánto gasta en yogur durante 30 días?	75
John planea vender todos sus juguetes y usar el dinero para comprar videojuegos. Tiene 13 juegos de Lego que vende a $15 cada uno. Termina comprando 8 videojuegos por $20 cada uno y le sobran $5. ¿Cuántos juegos de Lego le quedan todavía?	2
John corre 60 millas por semana. Corre 3 días a la semana. El primer día corre 3 horas y la mitad de lo que corre los otros dos días. ¿A qué velocidad corre?	10
Dana puede correr a una velocidad cuatro veces más rápido que lo que puede caminar, pero puede saltar a una velocidad que es la mitad de rápido de lo que puede correr. Si puede saltar a 3 millas por hora, ¿cuántas millas puede recorrer en seis horas si corre un tercio del tiempo y camina dos tercios del tiempo?	18
El iPhone de Brandon es cuatro veces más viejo que el iPhone de Ben. El iPhone de Ben es dos veces más viejo que el iPhone de Suzy. Si el iPhone de Suzy tiene 1 año, ¿cuántos años tiene el iPhone de Brandon?	8
El gran dragón, Perg, se sentó en lo alto del monte Farbo, escupiendo fuego a todo lo que se encontraba a una distancia de 1000 pies. Polly podía lanzar la jabalina de oro, la única arma conocida que podía matar al dragón, a una distancia de 400 pies, bien al alcance de las llamas del dragón. Pero cuando Polly tenía la piedra preciosa de zafiro, podía lanzar la jabalina tres veces más lejos que cuando no la tenía. ¿A qué distancia fuera del alcance de las llamas del dragón podría pararse Polly para poder golpear al dragón con la jabalina de oro teniendo la piedra preciosa?	200
La abuela Jones horneó 5 pasteles de manzana para el almuerzo de los bomberos. Cortó cada pastel en 8 porciones y colocó los cinco pasteles en la mesa del bufé para que los invitados se sirvan solos. Al final de la noche, después de que los invitados se sirvieran y comieran las porciones de pastel, quedaban 14 porciones. ¿Cuántas porciones se sirvieron los invitados?	26
Según la información nutricional, un paquete de papas fritas tiene 250 calorías por porción. Si una bolsa de 300 g tiene 5 porciones, ¿cuántos gramos puede comer si su objetivo diario de calorías es 2000 y ya ha consumido 1800 calorías?	48
Charlie quiere vender velas de cera de abeja. Por cada libra de cera de abeja, puede elaborar 10 velas cónicas. Una libra de cera de abeja y los pabilos cuestan $10,00 en suministros. Si vende cada vela a $2,00, ¿cuál será su ganancia neta al elaborar y vender 20 velas?	20
Meredith es una bloguera independiente que escribe sobre temas de salud y hace entregas a sus clientes a diario como trabajo permanente. Un artículo del blog lleva un promedio de 4 horas entre la investigación y la elaboración. La semana pasada, Meredith escribió 5 artículos el lunes y 2/5 veces más de artículos el martes que el lunes. El miércoles, escribió el doble de los artículos que redactó el martes. Calcule la cantidad total de horas que Meredith dedicó a los artículos durante los tres días.	104
Candice puso 80 notas adhesivas en su bolso antes de irse a su trabajo en la cafetería. En el camino, se detuvo en la tienda y compró un paquete de notas adhesivas. En el trabajo, colocó una sola nota adhesiva en cada una de las 220 tazas de café diferentes. Si le quedan 23 notas adhesivas en total, ¿cuántas notas adhesivas había en el paquete que compró?	163
John compra el doble de corbatas rojas que de corbatas azules. Las corbatas rojas cuestan un 50 % más que las corbatas azules. Gastó $200 en corbatas azules que costaron $40 cada una. ¿Cuánto gastó en corbatas?	800
Tracy usó un trozo de alambre de 4 pies de largo para sujetar las plantas de tomate en la huerta. Cortó el alambre en trozos de 6 pulgadas de largo. ¿Cuántos trozos obtuvo?	8
Richard vive en un edificio de apartamentos de 15 plantas. En cada planta, hay 8 unidades y las 3/4 partes del edificio están ocupadas. ¿Cuál es la cantidad total de unidades desocupadas en el edificio?	30
Lloyd tiene una granja avícola. Las gallinas ponen 252 huevos por día y él los vende a $2 la docena. ¿Cuánto gana Lloyd por semana con la venta de huevos?	294
La embarcación de Tom puede recorrer 10 millas por hora. Tom navega desde la 1 p. m. hasta las 4 p. m. A la vuelta, navega a una velocidad de 6 mph. ¿Cuánto tiempo le lleva regresar?	5
La bolsa de libros de Uriah se está poniendo demasiado pesada para él. Necesita sacar 15 libras de su interior. Sus revistas de historietas pesan 1/4 de libra cada una y sus juguetes pesan 1/2 libra cada uno. Si saca 30 revistas de historietas, ¿cuántos juguetes deberá quitar?	15
Un mecánico cobra diferentes tarifas para reparar los neumáticos de camiones y automóviles. Por cada neumático de camión que repare, el mecánico cobrará $60 y por cada neumático de automóvil que repare, el mecánico cobrará $40. El jueves, el mecánico repara 6 neumáticos de camión y 4 neumáticos de automóvil. El viernes, el mecánico repara 12 neumáticos de automóvil y ninguno de camión. ¿Cuántos más ingresos obtuvo el mecánico el día con mayores ingresos?	40
Las hermanas Doubtfire están conduciendo a su casa con 7 gatitos que adoptaron en el refugio de animales local cuando su madre las llama para avisarles que sus dos gatas domésticas acaban de tener gatitos. Les dice que Patchy, la primera gata, ha tenido tres veces la cantidad de gatitos adoptados, mientras que Trixie, la otra gata, ha tenido 12. ¿Cuántos gatitos tiene ahora la familia Doubtfire?	40
Jean tiene 30 paletas. Jean come 2 de las paletas. Con las paletas que sobran, Jean quiere envasar 2 paletas en una bolsa. ¿Cuántas bolsas puede llenar Jean?	14
Peter planea ir al cine esta semana. Siempre compra una entrada de $7 y palomitas de maíz por $7. Si tiene 42 dólares para la semana, ¿cuántas veces puede ir al cine?	3
Un puente de madera no puede soportar más de 5000 libras. Un camión de reparto lleno de cajas idénticas, cada una de 15 libras de peso, cruzará el puente. El peso combinado del conductor y el camión vacío es 3755 libras. ¿Cuál es la cantidad máxima de cajas que se puede cargar en el camión sin exceder el límite de peso del puente?	83
Stephen hizo un pedido en línea de comestibles. La factura final fue de $40,00. Dado que el pedido se hizo a través de un servicio de entregas, le añadieron una tarifa del 25 % sobre el total final y le cobraron $3,00 por gastos de envío. Stephen también agregó una propina de $4,00. Después de las tarifas extra, ¿cuál fue el precio final de la compra de comestibles de Stephen?	57
Un arbusto de frambuesas tiene 6 racimos con 20 frutas cada uno y 67 frutas individuales desparramadas por el arbusto. ¿Cuántas frambuesas hay en total?	187
Una canasta contiene 25 naranjas, de las cuales 1 está en mal estado, el 20 % no ha madurado, 2 son agrias y el resto está en buen estado. ¿Cuántas naranjas en buen estado hay?	17
Janet compra un broche para su hija. Paga $500 por el material para fabricarlo y luego otros $800 para el joyero que lo elaborará. Luego, paga el 10 % del total para asegurarlo. ¿Cuánto pagó?	1430
Si Marcy trabaja para la misma empresa durante 40 años, recibe una pensión anual de $50 000/año. A partir de los 20 años, tiene derecho al 5 % del valor de la pensión por año. Si renuncia después de 30 años, ¿cuál será su pensión anual?	25000
Aleena se suscribió a un servicio de streaming que le cobra $140 por mes. Si la empresa de streaming le cobró el monto inicial por la primera mitad del año y luego le cobró un 10 % menos de dinero en la otra mitad del año, calcule el monto total que ella habrá pagado al final del año por el servicio de streaming.	1596
Sophia está pensando en hacer un viaje en automóvil por la carretera y quisiera saber qué distancia puede recorrer con un solo tanque de gasolina. Ha recorrido 100 millas desde que llenó el tanque por última vez y debió ponerle 4 galones de gasolina para volver a llenarlo. El manual del propietario de su automóvil dice que en el tanque entran 12 galones de gasolina. ¿Cuántas millas puede hacer Sophia con un solo tanque de gasolina?	300
Jim pasa 2 horas mirando televisión y luego decide irse a la cama a leer durante la mitad de ese tiempo. Hace esto 3 veces a la semana. ¿Cuántas horas pasa mirando televisión y leyendo al cabo de 4 semanas?	36
Hay cuatro escuelas compitiendo en un torneo de baloncesto. Cada escuela ha enviado un equipo de baloncesto femenino y un equipo de baloncesto masculino, y cada equipo está conformado por 5 jugadores. Además, cada escuela ha enviado un entrenador para cada equipo. En total, ¿cuántas personas han enviado todas las escuelas?	48
Un cazador de tesoros encontró un cofre escondido lleno de gemas. Había 175 diamantes, 35 rubíes menos que los diamantes y dos veces la cantidad de esmeraldas que de rubíes. ¿Cuántas gemas había en el cofre?	595
En la escuela del Dr. Wertz, hay el doble de niños que de niñas. Si hay 60 niñas y 5 estudiantes para cada maestro, ¿cuántos maestros hay?	36
Bailey comienza con una determinada cantidad de dinero. Luego, recibe una mesada semanal de $5 durante 8 semanas. Si al final de las 8 semanas tiene $100 en total, ¿con cuánto dinero comenzó Bailey?	60
Judy enseña 5 clases de baile, todos los días de la semana y 8 clases los sábados. Si en cada clase hay 15 alumnos y ella cobra $15,00 por alumno, ¿cuánto dinero recauda en 1 semana?	7425
Kelian tiene dos recetas para preparar platos: una tiene 20 instrucciones y la segunda tiene el doble de instrucciones que la primera. ¿Cuántas instrucciones tiene que leer Kelian para preparar los dos platos?	60
Tommy está recaudando fondos para su organización benéfica vendiendo brownies a $3 la porción y tartas de queso a $4 la porción. Si Tommy vende 43 brownies y 23 porciones de tarta de queso, ¿cuánto dinero recauda?	221
Shiela compró cinco teléfonos celulares a $150 cada uno, en 3 cuotas mensuales. Se le cargará un interés del 2 % a cada unidad. ¿Cuánto pagará Shiela cada mes durante 3 meses?	255
Artie tiene un puesto de flores en el Mercado de Agricultores. Vende tres variedades de flores: caléndulas, petunias y begonias. Habitualmente vende las caléndulas a $2,74 por maceta, las petunias a $1,87 por maceta y las begonias a $2,12 por maceta. Artie hoy no tiene nada de cambio, por lo que ha decidido redondear todos los precios al dólar más cercano. Si Artie vende 12 macetas de caléndulas, 9 macetas de petunias y 17 macetas de begonias, ¿cuánto dinero obtendrá?	88
Luke pasa el tiempo en la playa construyendo castillos de arena. Con el tiempo advierte que cada planta de un castillo de arena tendrá la mitad de la superficie en pies cuadrados que el nivel de abajo. Si construye un castillo de arena de 4 plantas, en el que la planta superior tiene una superficie de 16 pies cuadrados, ¿cuál será la superficie en pies cuadrados promedio de una planta?	60
Cecilia acaba de comprar un cachorro nuevo. Según el veterinario, ella tiene que alimentar al cachorro con 1 taza de alimento para perros todos los días durante los primeros 180 días. Luego, tiene que alimentar al cachorro con 2 tazas de alimento para perros todos los días por el resto de su vida. Si una bolsa de alimento para perros contiene 110 tazas, ¿cuántas bolsas de alimento para perros usará Cecilia durante el primer año?	5
Si Raymond lava la mitad de la ropa que Sarah, y Sarah lava 4 veces más de ropa que David, calcule la diferencia en la cantidad de ropa que lavan Raymond y David si Sarah lava 400 libras de ropa.	100
Vincent puede comprar flores en ramos de 3 unidades por $2,50 o en ramos de 2 unidades por $1. ¿Cuánto dinero ahorra si compra 18 flores al mejor precio?	6
John adopta un perro. Lleva al perro al peluquero, que le cuesta $100. El peluquero le ofrece un 30 % de descuento por ser cliente nuevo. ¿Cuánto cuesta el servicio de peluquería?	70
Dos niñas recibieron, cada una, 1/6 de los 24 litros de agua. Luego, un niño recibió 6 litros de agua. ¿Cuántos litros de agua sobraron?	10
Charlie tenía 10 pegatinas. Compró 21 pegatinas en una tienda del centro comercial y le regalaron 23 pegatinas para su cumpleaños. Luego, Charlie le dio 9 de las pegatinas a su hermana y usó 28 para decorar una tarjeta de felicitación. ¿Cuántas pegatinas le quedan a Charlie?	17
Grace pesa 125 libras. Alex pesa 2 libras menos que 4 veces el peso de Grace. ¿Cuáles son sus pesos combinados en libras?	623
Dan planta 3 rosales. Cada rosal tiene 25 rosas. Cada rosa tiene 8 espinas. ¿Cuántas espinas hay en total?	600
Un equipo de fútbol americano jugó 22 partidos. Ganó 8 más de los que perdió. ¿Cuántos partidos ganó?	15
Gene está cosiendo un edredón con viejas camisetas que ha traído de recuerdo. Tiene una camiseta de cada vacación que ha hecho. Cada camiseta es un bloque del edredón. Cada fila está hecha de bloques de diferentes años de vacaciones. Gene va cuatro veces de vacaciones al año y lo hace desde que tenía 23 años. Ahora tiene 34. ¿Cuántos bloques del edredón tiene en total?	44
Greg ha configurado una alarma que se activa tres veces al día a modo de recordatorio. Cuando suena la alarma, sigue sonando hasta que Greg la apaga. La primera vez que se activó hoy, sonó cuatro veces. La segunda vez que se activó, sonó tres veces más que la primera vez. La tercera vez, sonó la mitad del tiempo de la segunda vez. ¿Cuántas veces sonó la alarma en total?	22
Una empresa le paga a cada uno de sus empleados $600 al mes. La empresa tiene una política de aumentar los salarios de sus empleados un 10 % del salario inicial cada año para aquellos que han estado en la empresa durante cinco años. Si Sylvie acaba de cumplir 5 años en la empresa en diciembre pasado, ¿cuál es su salario anual después de tres años más de servicio?	9360
El primer disco de Marilyn vendió 10 veces más copias que el de Harald. Si juntos vendieron 88 000, ¿cuántas copias vendió Harald?	8000
Christina está organizando una fiesta de cumpleaños y necesita 0,75 bolsas de regalo por invitado porque 1/4 de los asistentes no llegan. Invitó a 16 amigos. Las bolsas de regalo cuestan $2 cada una. ¿Cuánto gastará?	24
Ted, el tiranosaurio, planeaba llevar una ensalada de papa al picnic de dinosaurios. Sabe que un dinosaurio adulto comerá 10 libras de ensalada de papa y un niño comerá la mitad que un adulto. Si en el picnic habrá 20 adultos y 5 niños, ¿cuántas libras de ensalada de papa debe llevar Ted al picnic si espera que alcance para todos?	225
Jan tiene tres veces más mascotas que Marcia. Marcia tiene dos mascotas más que Cindy. Si Cindy tiene cuatro mascotas, ¿cuántas mascotas tienen en total los tres?	28
Emily tiene 4 hijos llamados Amy, Jackson, Corey y James. Amy es 5 años mayor que Jackson y 2 años menor que Corey. Si James tiene 10 años y es 1 año menor que Corey, ¿cuántos años tiene Jackson?	4
Lee antes podía correr las carreras de obstáculos de 400 metros dos segundos más rápido que Gerald. Pero Gerald cambió su dieta, lo que mejoró un 10 % su velocidad. Si Lee corre la carrera de obstáculos de 400 metros en 38 segundos, ¿cuántos segundos más rápido puede correrla Gerald gracias a su dieta mejorada?	36
En un vecindario, la cantidad de conejos domésticos es doce menos que la cantidad combinada de perros y gatos. Si hay dos gatos por cada perro y la cantidad de perros es 60, ¿cuántos animales domésticos hay en total en el vecindario?	348
De los 200 alumnos de 5 grado, 2/5 son niños, y 2/3 de las niñas pertenencen al grupo de niñas exploradoras. ¿Cuántas niñas no están en el grupo de niñas exploradoras?	40
Harry durmió 9 horas anoche. Su amigo James durmió solo 2/3 de lo que durmió Harry. ¿Cuántas horas más que James durmió Harry?	3
Cuando Freda prepara salsa con tomates enlatados, estos pierden la mitad de su volumen. Cada lata de tomates de 16 onzas que usa tiene tres tomates. En la última tanda de salsa de tomate, Freda preparó 32 onzas de salsa. ¿Cuántos tomates usó Freda?	12
En la autopista se formó una fila de autos. Algunos de los autos pasan en los primeros 15 minutos del embotellamiento, luego pasan 20 autos más en los 15 minutos restantes del embotellamiento. 5 autos de la fila toman una salida para no tener que atravesar el embotellamiento. Si originalmente había 30 autos en la autopista, ¿cuántos autos atravesaron el embotellamiento en los primeros 15 minutos?	5
Mary es una ferviente jardinera. Ayer, recibió 18 nuevas plantas de maceta de su vivero favorito. Ya tiene 2 plantas de maceta en cada una de las 40 repisas de las ventanas de su gran casa de campo. Como es generosa, ha decidido que mañana dará 1 planta de maceta de cada repisa a amigos y familiares. ¿Cuántas plantas de maceta le quedarán a Mary?	58
Jerome tenía 4 amigos que venían a visitarlo un día determinado. El primer amigo tocó el timbre 20 veces antes de que Jerome abriera, el segundo amigo tocó el timbre 1/4 de veces más que el primero. El tercer amigo tocó el timbre 10 veces más que el cuarto. Si el cuarto amigo tocó el timbre 60 veces, ¿cuántas veces sonó el timbre?	175
Solo tiene que leer 4 páginas del libro de ciencias, 20 páginas del libro de ciencias sociales, 7 páginas del libro de historia y 8 páginas del libro de geografía. Solo leyó 15 páginas el lunes. Si tiene 4 días más para completar toda la lectura, ¿cuántas páginas debe leer, en promedio, en un día?	6
A John le gusta tomar un vaso de agua con el desayuno, el almuerzo y la cena. Por último, también toma uno antes de irse a la cama. John hace esto todos los días de la semana, pero los fines de semana, le gusta relajarse y tomar un refresco con la cena. ¿Cuántos vasos de agua bebe John en una semana?	26
Un banco de niebla ingresa desde el océano para cubrir una ciudad. Le lleva 10 minutos cubrir 3 millas de la ciudad. Si la ciudad se extiende 42 millas desde la orilla del mar hasta el margen interior opuesto, ¿cuántos minutos tardará el banco de niebla en cubrir toda la ciudad?	140
Poppy está armando un rompecabezas de 1000 piezas. Coloca una cuarta parte de las piezas en el tablero, luego su madre coloca un tercio de las piezas restantes. ¿Cuántas piezas del rompecabezas faltan colocar?	500
Cody come tres veces más galletas que Amir. Si Amir come 5 galletas, ¿cuántas galletas comen entre los dos juntos?	20
John tiene 3 cajas. Cada caja tiene 5 pulgadas por 6 pulgadas por 4 pulgadas. Las paredes tienen 1 pulgada de espesor. ¿Cuál es el volumen interior total de las 3 cajas?	72
Todas las noches, Frankie mira televisión después de terminar su tarea. El lunes y el martes, miró un episodio de 1 hora de su programa favorito cada noche. El miércoles, miró algunos episodios de un programa de 30 minutos. El jueves, terminó la tarea temprano y miró un episodio de 1 hora y un programa de 30 minutos. El viernes, se quedó despierto hasta tarde por el finde semana y miró dos episodios de 1 hora. Si miró 7 horas de televisión en total, ¿cuántos episodios de 30 minutos vio el miércoles?	3
Henry está preparando galletas para una competencia local de repostería. Quiere hacer dos veces más que las que hizo el año pasado. Cuando termina de hornear, se da cuenta de que en realidad horneó 15 galletas más de las que quería. Cuando las pone a enfriar, descarta 5 de las galletas y ahora tiene un total de 110 galletas. ¿Cuántas galletas horneó Henry el año pasado?	50
Una estación de gasolina local vende gasolina a $3,00 el galón. Una empresa de aplicaciones ofrece un reintegro de $0,20 por galón si se carga en esta estación. Si alguien compra 10 galones de gasolina, ¿cuánto le costará la gasolina después de las bonificaciones de reintegros?	28
Marcel y Beatrice están haciendo una competencia para ver quién puede comer la mayor cantidad de rollitos de fruta, por lo que desenrollan todos los que pueden encontrar. Lamentablemente, alguno comete un error y Beatrice estaba a dos rollitos de ancho y 24 rollitos de largo, mientras que Marcell estaba a 3 rollitos de ancho y 14 rollitos de ancho. Si ambos comieron su cantidad completa, ¿cuántos comieron en promedio?	45
El bote de Julia comenzó a tener filtraciones mientras estaba en el lago. Entraban dos litros de agua por cada diez pies que remaba hacia la orilla. Le llevó dieciséis segundos remar veinte pies. La orilla estaba a 64 segundos de distancia. ¿Cuánta agua tenía el bote cuando Julia llegó a la orilla?	16
Un aula tiene una pizarra que comparten entre los 4 maestros que se turnan para usar el aula. Cada maestro tiene 2 clases al día y, en cada clase, usa la pizarra. Si la pizarra se limpia 3 veces por clase, ¿cuántas veces se limpia en un día?	24
Ryan planta 2 flores por día en su jardín. ¿Cuántas flores tiene después de 15 días si 5 no crecieron?	25
El teléfono de Jamal puede guardar 6 veces más fotografías que el teléfono de Brittany. La cantidad máxima de fotografías que puede guardar el teléfono de Brittany es 50 veces más que la cantidad de aves que hay en la fotografía que Jamal tomó de los patos en el zoológico. Si el teléfono de Jamal puede guardar 1800 fotografías, ¿cuántos patos se pueden ver en la fotografía que Jamal tomó de los patos en el zoológico?	6
Sasha se da cuenta de que los precios de la madera subieron un 50 % en los últimos meses después de comprar algunos trozos de madera. Como tiene sobras, decide venderlas. Le sobran diez tablas de 2 x 4 x 10 que le cuestan $10 cada una. También tiene cinco tablas de 4 x 4 x 10 que compró a $16 cada una. ¿Cuánto gana si vende todas?	90
Katy prepara café usando cucharaditas de azúcar y tazas de agua en una proporción de 7:13. Calcule la cantidad de cucharaditas de azúcar que usó, si puso un total de 120 cucharaditas de azúcar y tazas de agua.	42
John compra 2 pares de zapatos para cada uno de sus 3 hijos. Cada uno cuesta $60. ¿Cuánto pagó?	360
Un oficial de aduana en el puerto principal del despacho de aduana costero contó 2 contenedores de vehículos importados, cada uno con 5 vehículos en su interior. Al día siguiente, trajeron más contenedores, y la cantidad total de vehículos en el puerto pasó a ser 30. Calcule la cantidad de contenedores que se importaron el segundo día, suponiendo que todos los contenedores tengan 5 vehículos.	4
El salario total de Adrien era un 30 por ciento más alto que el de Lylah. Cuatro años después, su salario había aumentado y ganaba un 40 % más que lo que ganaba hace cuatro años. Si el salario de Adrien y el de Lylah aumentaron a la par, y hace cuatro años Adrien ganó $40 000, calcule el salario total que los dos recibían cuatro años después.	95200
Miguel usa 2 cuadernos a la semana para sus dibujos. Si un cuaderno tiene 30 hojas, ¿cuántas hojas usa cada mes?	240
A Morisette y a Kael se les pidió que trajeran frutas. Morisette trajo 5 manzanas y 8 naranjas, mientras que Kael trajo el doble de manzanas y la mitad de naranjas que Morisette. ¿Cuántas frutas tienen en total?	27
Sadie durmió 8 horas el lunes. En los dos días siguientes, durmió 2 horas menos cada día porque tenía que terminar algunas tareas. Si el resto de la semana durmió 1 hora más que esos dos días, ¿cuántas horas durmió en total toda la semana?	48
Rosie puede correr 10 millas por hora durante 3 horas. Después de eso, corre 5 millas por hora. ¿Cuántas millas puede correr en 7 horas?	50
Jennie está colaborando en la oficina de su madre. Tiene una pila de 60 cartas que necesitan estampillas y una pila de cartas que ya tienen estampillas. Le coloca estampillas a un tercio de las cartas que necesitan estampillas. Si ahora hay 30 cartas en la pila de cartas que ya tienen estampillas, ¿cuántas había en esa pila cuando Jennie comenzó?	10
Julia estaba preparando una cena en su casa en la que pensaba servir estofado. Se dio cuenta de que no tenía cucharas de plástico, entonces compró un nuevo paquete de cucharas. Después, su marido también compró un paquete de 5 cucharas nuevas y se lo dio a Julia. Mientras Julia preparaba el estofado, usó tres de las cucharas para probar el estofado. Más tarde, cuando fue a poner la mesa, tenía un total de 12 cucharas. ¿Cuántas cucharas había en el paquete que compró Julia?	10
Dylan necesita salchichas de pollo y salchichas de pescado para preparar bollitos de salchichas para una fiesta. Compró 38 salchichas de pollo y 6 salchichas de pescado más que de pollo. ¿Cuántas salchichas compró Dylan en total?	82
Después de cambiarse a una escuela nueva, Amy hizo 20 amigos más que Lily. Si Lily hizo 50 amigos, ¿cuántos amigos tienen Lily y Amy juntas?	120
La madre de Well vende sandías, pimientos y naranjas en la tienda local. Una sandía cuesta tres veces lo que cuesta cada pimiento. Una naranja cuesta 5 menos que lo que cuesta una sandía. Dillon es enviado a la tienda a comprar 4 sandías, 20 pimientos y 10 naranjas. ¿Cuál es la cantidad total de dinero que gastará si cada pimiento cuesta $15?	880
Un hospital atiende a 500 personas por día. A cada paciente se lo examina durante un promedio de 24 minutos. Los médicos le cobran $150 por hora al hospital y el hospital les cobra $200 por hora a los pacientes. ¿Qué ganancia obtiene el hospital de estas visitas?	10000
Nissa contrata a 60 trabajadores estacionales para interpretar a elfos en la aldea de Papá Noel montada en su tienda de departamentos. Un tercio de los elfos renunciaron después de que los niños les vomitaran encima; luego, 10 de los elfos restantes renunciaron después de que los niños patearan sus espinillas. ¿Cuántos elfos quedan?	30
En mayo, Joseph gastó $500. En junio, gastó $60 menos. ¿Cuál fue su gasto total en esos dos meses?	940
Pam y Fred fueron a un parque de diversiones. Pam se subió a la montaña rusa 2 veces, mientras que Fred se subió 4 veces. Después de eso, cada uno decidió subirse al trineo 2 veces. Si cada atracción cuesta 6 boletos, ¿cuántos boletos usaron ese día?	60
El lunes, Walt caminó 4 millas. El martes, caminó 6 veces las millas que caminó el lunes. Las millas totales caminadas de lunes a miércoles fueron 41. ¿Cuántas millas caminó el miércoles?	13
Tom hace lavar el auto 4 veces al mes. Si cada lavado de auto cuesta $15, ¿cuánto paga al año?	720
Bobby, el amigo de Brian, tiene 5 videojuegos menos que 3 veces la cantidad de videojuegos que tiene Brian. Si Brian tiene 20 videojuegos, pero perdió 5 justo antes de que se hiciera la comparación, ¿cuántos videojuegos tiene Bobby?	40
Quedan 27 unicornios en el mundo. Un tercio de ellos está en las Tierras Altas de Escocia. Dos tercios de los unicornios escoceses son hembras. ¿Cuántos unicornios escoceses hembra hay?	6
Rory pide 2 sándwiches que cuestan $7,50 cada uno, 2 bolsas de patatas fritas que cuestan $1,50 cada una y 2 galletas que cuestan $1,00 cada una, para entrega a domicilio. Se agrega a la cuenta un 20 % por el servicio de entrega a domicilio, y Rory quiere añadir una propina de $5,00. ¿Cuánto costará su pedido con entrega a domicilio?	29
Ayer, Mark hizo una prueba que consistía en 75 preguntas. Completó la prueba a un ritmo de 5 preguntas por hora. Hoy, hizo otra prueba de 100 preguntas al mismo ritmo. Si Mark tuvo 8 horas para hacer la primera prueba y 6 horas para hacer la segunda, ¿cuántas preguntas dejó incompletas?	105
En una máquina de dulces, hay 22 más que cuatro veces la cantidad de bolas de chicles rosas que de bolas de chicles azules. Si hay 12 bolas de chicles azules, ¿cuántas rosas hay?	70
De los 20 automóviles disponibles para alquilar, 12 tienen mando automático, 4 tienen mando manual y el resto tiene mando semiautomático. ¿Qué porcentaje de automóviles tiene mando semiautomático?	20
Hay 700 abejas en una colmena. Hay dos veces más de abejas obreras que de abejas bebés, y dos veces más de abejas bebés que de abejas reinas. ¿Cuántas abejas obreras hay?	400
Jordan pasa 2 horas al día jugando videojuegos. También tiene un trabajo a tiempo parcial en el que gana $10 la hora. ¿Cuánto dinero ganaría Jordan en una semana si usara el tiempo que juega videojuegos para trabajar?	140
John compra leche por 2 dólares, huevos por 3 dólares, bombillas de luz por 3 dólares, tazas por 3 dólares y trampas para cucarachas por 4 dólares. Si se aplica un impuesto del 10 % sobre todos los artículos no comestibles, cuánto habrá costado todo.	16
Kim ha comenzado su propio negocio de limpieza y está calculando la ganancia que obtendrá de sus clientes. Ya tiene 3 clientes, pero está hablando con otros 5 clientes potenciales y se siente lo suficientemente seguro como para incluirlos en sus cálculos. Para la casa de cada cliente necesitará 2 botellas de lejía y un paquete de paños de limpieza. Las botellas de lejía costarán $2 cada una y los paquetes de paños de limpieza costarán $5 cada uno. Estos son sus únicos gastos. Él calcula que sus ingresos totales serán de $92 por semana. La ganancia es la diferencia entre los ingresos totales y los gastos totales, por lo tanto, ¿qué ganancia obtendrá Lucas, en dólares, cada semana?	20
John tiene un campo de piñas de 10 hectáreas. Hay 100 piñas por hectárea. John puede cosechar las piñas cada 3 meses. ¿Cuántas piñas puede cosechar John en un año?	4000
Johnny está recogiendo los juguetes del piso de su habitación. Había desparramado por el piso una caja de bloques Lego de 500 piezas, otra que tenía 3 veces más piezas que la de 500 piezas y otra que tenía 1/4 de la cantidad de piezas. ¿Cuántos bloques recoge Johnny si junta todos los bloques Lego?	2,125
Debra está monitorizando una colmena de abejas para ver cuántas abejas entran y salen por día. En las primeras 6 horas, observa que 30 abejas salen de la colmena y luego observa que 1/2 de esa cantidad de abejas regresa en las siguientes 6 horas. Ve que dos veces más de abejas que las que vio la primera vez salen de la colmena y se alejan volando en las siguientes 6 horas. Luego, cada abeja que había salido antes y que no había regresado vuelve a la colmena en las siguientes 6 horas. ¿Cuántas abejas vio Debra regresar a la colmena en las últimas 6 horas del día?	75
Brittany y su mamá van al museo. El costo de la entrada es $12 para adultos y $10 para niños. La mamá de Brittany le entrega dinero al cajero por 1 entrada para niños y 1 entrada para adultos. Si recibió $8 de vuelto, ¿cuánto dinero, en dólares, le entregó al cajero?	30
Charlie tiene tres veces más de amigos en Facebook que Dorothy. James tiene cuatro veces más de amigos en facebook que Dorothy. Si Charlie tiene 12 amigos en Facebook, ¿cuántos amigos de Facebook tiene James?	16
Steve y Tim deciden ver quién puede llegar más rápido a su casa a la salida de la escuela. Steve vive más lejos que Tim, por lo que se le permite andar en bicicleta. Steve vive a 3 millas de distancia de la escuela y puede andar en bicicleta a 440 pies por minuto. Tim vive a 2 millas de distancia de la escuela. Si Tim puede andar en patineta a 264 pies por minuto, ¿cuánto tiempo esperará el ganador en su casa antes de que el perdedor termine la carrera?	4
Shawnda decide que los niños de su vecindario realmente sacarían provecho de un servicio de inflado de gomas de bicicletas. Decide que la mejor manera de cobrar el servicio es por goma. Inflar una goma cuesta 25 centavos. El primer día, fueron 5 personas en bicicleta a inflar las dos gomas. Pasaron 3 personas a inflar todas las gomas de sus triciclos. Finalmente, pasó una persona en un monociclo. ¿Cuántos dólares obtuvo Shawnda ese día?	5
Carl compra diez paquetes de galletas. Cada paquete de galletas contiene seis galletas. Cada galleta cuesta $0,10. ¿Cuánto cambio recibe Carl si paga con un billete de $10?	4
Dave compró un paquete grande de patatas fritas y comió catorce antes de que una gaviota hambrienta le robara el paquete de las manos. Cuando la gaviota aterrizó, engulló la mitad de la cantidad de patatas fritas que había comido Dave. Luego, tres palomas lo intimidaron para que se alejara de la comida, y cada paloma comió tres patatas. Más tarde, un mapache robó dos tercios de las patatas que quedaban. Las hormigas se llevaron una última patata, dejando cinco. ¿Cuántas patatas fritas había en el paquete que compró Dave?	48
Los lunes, miércoles y viernes, el estudiante universitario Kimo tiene tres clases de 1 hora por día. Los martes y jueves, tiene dos clases de 2 horas por día. En un semestre, hay 16 semanas de clases. En un semestre, ¿cuántas horas pasa Kimo en clases?	272
Bill hornea 300 panecillos, 120 croissants con chocolate y 60 baguettes todos los días. Cada panecillo tiene 4 pulgadas de largo; cada croissant tiene 6 pulgadas de largo; y cada baguette tiene dos pies de largo. Si Bill pone todos los productos horneados en fila, ¿qué largo se obtiene, en pies?	280
El guardaparque alimenta a todos los simios del zoológico. Pide todas las bananas a una granja local cada 2 meses. Si los monos necesitan 200 bananas, los gorilas necesitan 400 bananas y los babuinos necesitan 100 bananas cada mes, ¿cuántas bananas necesita pedir para que le alcancen para cubrir 2 meses?	1400
Blake y Kelly están compitiendo para ver quién corre más en 15 minutos. Deciden hacer la competencia en el campo de fútbol americano que tiene 100 yardas de largo. Blake corre de un lado a otro 15 veces. Kelly corre de un lado a otro una vez y después decide que no quiere correr junto a Blake, así que comienza a correr hasta la línea de 40 yardas y vuelve. Lo hace 34 veces. ¿Cuánto más lejos corrió el ganador con respecto al perdedor?	80
Raphael fue a comprar algunos útiles escolares. Compró 4 bolígrafos que costaron $1,5 cada uno, 2 cuadernos que costaron $4 cada uno y una resma de papel bond que costó $20. ¿Cuánto gastó Raphael en total?	34
Finn observa a 11 renacuajos nadando en el estanque. De repente, ve que aparecen 6 que estaban escondidos debajo de un camalote y luego ve que 2 se esconden debajo de una piedra. ¿Cuántos renacuajos puede ver Finn en el estanque ahora?	15
El lunes, un tanque de agua tiene 17 pies de profundidad. El martes, el tanque tiene 7 pies más de agua. El miércoles, la profundidad del agua es dos tercios de la que había el martes. ¿Cuál es la profundidad del agua del tanque el miércoles?	16
Anakin y Locsin fueron a la playa hoy. Anakin atrapó 10 estrellas de mar, 6 caballitos de mar y 3 peces payaso, mientras que Locsin atrapó 5 estrellas de mar menos que Anakin, 3 caballitos de mar menos que Anakin y 2 peces payaso más que Anakin. ¿Cuántos peces atraparon?	32
Si una bolsa de canicas cuesta $20 y el precio aumenta un 20 % del precio original cada dos meses, ¿cuánto costaría una bolsa de canicas después de 36 meses?	92
En una sala, hay diferentes juguetes: 5 autitos rojos, 3 muñecos coleccionables y una muñeca. La muñeca cuesta lo mismo que los 3 muñecos coleccionables y un autito rojo cuesta $4. ¿Cuánto valen todos los juguetes si un muñeco coleccionable cuesta $5?	50
Jackie está tratando de decidir si liquidará sus impuestos sola o si contratará a un contador. Si liquida los impuestos ella misma, hará 3 horas menos de trabajo independiente y le restará $35/hora a sus ingresos. El contador le cobra $90. ¿Cuánto más dinero tendrá si contrata a un contador?	15
Para su cumpleaños número 30, Elvira escogió una computadora nueva con muchos accesorios como obsequio. Tiene un presupuesto de €1500 que le regaló toda la familia y cree que podrá reservar algo de dinero para comprarse ropa. Va a una tienda de computadoras y elige una máquina que cuesta €1090 con pantalla, teclado y mouse. También selecciona un escáner de €157, un reproductor de CD que vale €74 y una impresora de €102. ¿Cuánto dinero le habrá sobrado para la ropa?	77
El vecino de Sandra le da una canasta con 9 huevos cada vez que cuida a su hija. Para hacer un flan español, necesita 3 huevos. Si a Sandra se le ha encomendado la tarea de hacer 15 flanes españoles para la recaudación de fondos escolar, ¿cuántas veces tiene que cuidar a la niña?	5
Seth tiene el doble de edad que Brooke. En 2 años, la suma de sus edades será 28. ¿Cuántos años tiene Seth?	16
Jimmy tiene $2 más que el doble de dinero que tiene Ethel. Si Ethel tiene $8, ¿cuánto dinero tiene Jimmy?	18
Pancho camina 20 millas al día. Salvo los fines de semana que camina 10 millas. ¿Cuántas millas camina en una semana?	120
La banda de música hace un pedido de uniformes nuevos. Cada uniforme trae un sombrero que cuesta $25, una chaqueta que cuesta tres veces más que el sombrero y pantalones que cuestan el promedio de los costos del sombrero y la chaqueta. ¿Cuánto cuesta cada uniforme en total?	150
Jake recorre el Museo de entomología. Ve 80 arañas con 8 patas cada una, 90 insectos con 6 patas cada uno y 3 invertebrados mutantes raros con 10 patas cada uno. ¿Cuántas patas ve Jake en total?	1210
Hay cuatro aves en el furgón de cola. Sally Two es tres años mayor que Granny Red. Granny Red es dos veces mayor que Sally Four. Si Sally Four tiene la misma edad que Sally Thirtytwo, y Sally Thirtytwo tiene 8 años, ¿qué edad tienen las cuatro aves en total?	51
Jessica está intentando calcular cuánto debe pagar en todas sus deudas cada mes. Sus préstamos para estudiantes tienen un pago mínimo de $300 al mes, el mínimo de su tarjeta de crédito es de $200 al mes y el mínimo de su hipoteca es de $500 al mes. Si Jessica quiere pagar un 50 % más que el mínimo, ¿cuánto paga en un año?	18000
Billy está pelando y cortando papas para preparar una ensalada de papas para su gran asado de reencuentro familiar. Como es un evento grande, tiene que preparar 60 papas. Las papas son casi del mismo tamaño, por lo que más o menos le lleva el mismo tiempo pelar y cortar cada una. Billy tarda alrededor de un minuto y medio en pelar una papa, pero solo unos 5 segundos en cortarla. ¿Cuánto tiempo le llevará a Billy terminar de preparar las papas?	95
Juan y su hermano Carlos venden limonada. Por cada galón que preparan, gastan $3 en limones y $2 en azúcar. Venden cada vaso a $0,50 y obtienen 20 vasos por galón. Si la ganancia fue de $25, ¿cuánto gastaron en limones?	15
En una carrera de 240 asiáticos, 80 eran japoneses y el resto eran chinos. Si la cantidad de niños en el equipo chino era 60, ¿cuántas niñas había en el equipo chino?	100
Zaid gasta 1/4 de su salario en el alquiler, 1/3 en el combustible para el auto y dona la mitad del monto restante a su organización benéfica favorita. Le da a su hija $200 para sus gastos semanales y $700 a su esposa para la compra de provisiones y otros artículos para el hogar. Si Zaid gana $6000 al mes, ¿cuánto dinero tendrá después de todos estos gastos y donaciones?	350
Rani tiene diez cangrejos más que Monic, que tiene 4 cangrejos menos que Bo. Si Bo tiene 40 cangrejos, calcule la cantidad total de cangrejos que tienen los tres juntos.	122
Lloyd gana $10 por hora en clases particulares de matemática. Dio clases particulares 5 horas durante la primera semana y 8 horas durante la segunda semana. ¿Cuánto ganó las dos primeras semanas?	130
Dos candidatos se postulan para delegado de clase en la escuela de Sarai. Si el ganador obtuvo 3/4 de los votos y la cantidad total de alumnos que votaron en la clase fue de 80, calcule la cantidad de votos que obtuvo el perdedor.	20
Sandra, la florista de la esquina, está muy desconforme con la entrega incompleta del pedido de Fred. Sandra había pedido cuatro veces más rosas rojas que claveles blancos. También pidió 200 calas rosas, que eran cinco veces la cantidad de claveles blancos. Sandra amenazó con cambiar de proveedor si no recibía las rosas rojas que faltaban antes de las 5 p. m. ¿Cuántas rosas rojas debe entregar Fred antes de las 5 p. m. para conservar el negocio de Sandra?	160
Jean es dos años mayor que Mark. Hace dos años, Mark era 5 años mayor que la mitad de la edad de Jan. Si Jan tiene 30, ¿cuántos años tiene Jean?	23
Dos equipos de campo y pista compiten entre sí en un relevo de 4 por 400 metros; una carrera en la que cada equipo competidor está formado por cuatro integrantes y cada uno corre 400 metros, o una vuelta, alrededor de una pista estándar. Uno de los dos equipos está bien formado y cada uno de sus integrantes correrá su tramo de 400 metros en exactamente 55 segundos. El otro equipo está menos formado; el primer corredor correrá su tramo de 400 metros en 60 segundos, luego, cada corredor posterior será 3 segundos más rápido que el corredor anterior. Teniendo en cuenta esta información, ¿por cuántos segundos ganará el equipo más rápido?	2
Jerry lanza un dado de seis caras. ¿Cuánto más probable es (expresado como porcentaje) que saque un número mayor que 3 que que saque dos números pares seguidos?	25
Jenna y su madre recogieron algunas manzanas de su huerto de manzanas. Jenna recogió la mitad de manzanas que su madre. Si su madre tenía 20 manzanas, ¿cuántas manzanas recogieron ambas?	30
Russell trabaja en una tienda de mascotas y está distribuyendo paja entre los roedores. Las ratas están en 3 jaulas en grupos iguales y a cada rata se le dan 6 trozos de paja. Hay 10 jaulas de hámsteres que están separados y a cada hámster se le dan 5 trozos de paja. También hay un corral de conejos en el que se distribuyen 20 trozos de paja entre los conejos. No se usa paja en ningún otro lugar de la tienda. Si se han distribuido 160 trozos de paja entre los roedores pequeños, ¿cuántas ratas hay en cada jaula?	5
Mandy le debe $100 a Benedict. Acordaron un interés mensual del 2 %. Si Mandy pudo pagarlo después de 3 meses, ¿cuánto debería darle a Benedict?	106
Un comerciante compra algunos sacos de trigo a un agricultor a $20 el saco. Si cuesta $2 transportar cada saco de la granja al almacén, y el comerciante obtiene una ganancia total de $400 después de vender todos los sacos a un precio de $30 cada uno, ¿cuántos sacos vendió?	50
Tres amigos gastaron $20,25 en 3 entradas para la feria. También gastaron $4,50 menos en comida que en las entradas. Además, fueron a 2 atracciones diferentes que costaron $33 cada una. Si acordaron dividir todos los costos en partes iguales, ¿cuánto pagó cada uno?	34
John recoge duraznos durante 3 horas. Puede recoger 2 duraznos por minuto. ¿Cuántos duraznos recoge?	360
Los patos necesitan comer 3,5 libras de insectos cada semana para sobrevivir. Si hay una bandada de diez patos, ¿cuántas libras de insectos necesitan por día?	5
Tom planta 10 árboles al año. Cada año también corta 2 árboles. Comienza con 50 árboles. Después de 10 años, el 30 % de los árboles muere. ¿Cuántos árboles le quedan?	91
Sue vive en un vecindario divertido. Un fin de semana, los vecinos decidieron hacerle una broma a Sue. Un viernes a la mañana, los vecinos colocaron 18 flamencos de plástico rosa en el jardín de entrada de Sue. El sábado a la mañana, los vecinos sacaron un tercio de los flamencos, los pintaron de blanco y volvieron a poner estos flamencos blancos recién pintados en el jardín de entrada de Sue. Luego, el domingo a la mañana, agregaron otros 18 flamencos de plástico rosa a la colección. ¿Cuántos flamencos de plástico rosa más que flamencos de plástico blanco había el domingo al mediodía?	24
Violeta quiere comprar crayones nuevos. Necesita de 5 colores diferentes y separó $20 para esta compra. Un crayón cuesta $2. ¿Cuánto cambio recibirá?	10
Un bolígrafo cuesta tanto como un lápiz y una goma de borrar combinados. Un lápiz cuesta $1,20 y una goma de borrar cuesta $0.30. ¿Cuánto costarán 8 bolígrafos?	12
En una ciudad determinada, se distribuirán 200 libras de zanahorias a 40 restaurantes. Cada restaurante debe recibir 2 libras de zanahorias. ¿Cuántas libras de zanahoria no se usarán?	120
En la ciudad de Soda, hay exactamente 23 786 habitantes. Esto incluye 8417 varones y 9092 mujeres. El resto de la población está formada por niños. ¿Cuántos niños hay en Soda?	6277
Al principio, Elaine tenía 20 cartas de Pokémon. Después de un mes, tenía tres veces más. El segundo mes, tenía 20 cartas menos que las que tenía el primer mes. El tercer mes, tenía el doble de la cantidad total de cartas de Pokémon que tenía el primer y el segundo mes. ¿Cuántas cartas de Pokémon tiene ahora en total?	320
Mark es revisor de texto. Todas las semanas, revisa la misma cantidad de oraciones para dos editoriales distintas, que le pagan una tarifa diferente por oración. La editorial B, le paga a Mark el doble de lo que le paga la editorial A. Mark revisa una cantidad total de 1000 oraciones cada semana, y la editorial A le paga 5 centavos la oración. ¿Cuántos centavos gana Mark en una semana?	7500
Baldur saca agua de un pozo. Saca 5 baldes de agua todas las mañanas y 6 baldes de agua todas las tardes. Si cada balde contiene 5 litros de agua, ¿cuántos litros de agua saca cada día?	55
John gana un premio en el trabajo. El premio consta de una recompensa monetaria por única vez de $5000 y un aumento del 5 % en el salario. Si gana 2000 por semana todas las semanas del año y recibió el premio el primer día del año, ¿cuánto dinero ganó ese año?	114,200
Josie cultiva uvas en su granja de 10 acres. Cada acre produce 5 toneladas de uvas por año, y cada tonelada de uvas produce 2 barriles de vino. ¿Cuántos barriles de vino produce su granja por año?	100
La comida favorita de Carl es el queso. Esta semana, comió un sándwich todos los días en el almuerzo y usó 2 rebanadas de queso en cada sándwich. Comió tortilla de queso y huevo en el desayuno 3 días en la semana y usó una rebanada más por tortilla que por sándwich. Preparó un plato grande de macarrones con queso para que le durara para varias cenas de la semana y usó 8 rebanadas de queso. ¿Cuántas rebanadas de queso usó?	31
Janet tenía 22 bolígrafos verdes y 10 bolígrafos amarillos. Luego compró 6 bolsas de bolígrafos azules y 2 bolsas de bolígrafos rojos. Había 9 en cada bolsa de bolígrafos azules y 6 en cada bolsa de bolígrafos rojos. ¿Cuántos bolígrafos tiene Janet ahora?	98
Brinley está en la clase de matemáticas del Sr. Bert. El Sr. Bert toma seis exámenes cada semestre. Les permite a los estudiantes eliminar la nota más baja del promedio de cada semestre. Si las notas de Brinley en los primeros cinco exámenes son 89, 71, 92, 100 y 86, ¿qué nota necesita en el sexto examen para obtener un promedio de 93?	98
A Micheal le encanta andar en bicicleta. Anda en bicicleta al menos 5 veces a la semana y hace 25 kilómetros cada vez. Lo hizo durante cuatro semanas; luego, decidió andar en bicicleta solo 2 veces a la semana, pero hacer 60 kilómetros cada vez, y lo hizo durante 3 semanas. ¿Cuántos kilómetros recorrió Micheal en total?	860
La bolsa de dulces de Noche de Brujas de Joe tiene 25 barras de chocolate y 80 manzanas confitadas. Cada barra de chocolate pesa el doble que cada manzana confitada. Si cada barra de chocolate pesa 40 g, ¿cuántos gramos pesa la bolsa de dulces de Joe?	2600
Rose fue a la tienda el lunes y compró 4 pasteles. El martes, fue a una tienda diferente y compró tres veces esa cantidad de pasteles. El miércoles, fue a otra tienda y compró 5 veces la cantidad de pasteles que había comprado el martes. ¿Cuántos pasteles compró al cabo de los tres días?	76
Veinte docenas de tazas cuestan $1200 menos que el costo total de media docena de platos que se venden a $6000 cada uno. Calcule el costo total de la compra de cada taza individual.	145
Sara quiere comprarse una chaqueta y 2 pares de zapatos nuevos. La chaqueta que quiere cuesta $30 y cada par de zapatos cuesta $20. Sara cuida a los niños de su vecino 4 veces y gana $5 cada vez que los cuida. Sus padres le pagan $4 cada vez que corta el césped. Si Sara ya tenía $10 ahorrados antes de comenzar a cuidar niños, ¿cuántas veces deberá cortar el césped antes de poder comprarse la chaqueta y los zapatos?	10
Jerry tiene un gallinero. Las gallinas rojas ponen 3 huevos por día y las gallinas blancas ponen 5 huevos por día. Todos los días, Jerry recolecta 42 huevos. Si tiene dos gallinas blancas más que las gallinas rojas, ¿cuántas gallinas rojas tiene?	4
A Gary le gusta caminar por la orilla del parque local, que es un rectángulo que mide 1,5 millas por 6 millas. Si camina a 3 millas/hora, ¿cuántas horas pasa caminando?	5
Mientras está en la tienda "Todo por un dólar", Sloane cuenta 100 clientes que ingresan en la tienda. Al día siguiente, cuenta 50 clientes más que el primer día. Si la cantidad total de clientes al cabo del tercer día fue 500, ¿cuántos clientes contó el tercer día?	250
Jerry tiene dos piscinas, ambas con fugas que las van vaciando a una velocidad de 4 galones/minuto. Hace 4 minutos, la piscina grande tenía la misma cantidad de agua que la piscina pequeña. Ahora, la piscina grande tiene cuatro veces la cantidad de agua de la piscina chica. ¿Qué cantidad de agua tiene ahora la piscina chica?	8
Lori quiere comprar un par de zapatos de $320,00 y un cinto haciendo juego, que cuesta $32,00. Por su trabajo a tiempo parcial cobra $8,00 la hora. ¿Cuántas horas deberá trabajar antes de poder hacer su compra?	44
Janeth pidió $2000 prestados y prometió devolverlos con un 10 % adicional al monto. Si va a pagar $165 por mes durante 12 meses, ¿qué saldo le quedará por pagar a Janeth para ese entonces?	220
Hay 4 rosas en el jarrón. Hay 7 dalias más que rosas en el jarrón. ¿Cuántas flores hay en total en el jarrón?	15
La edad de Adrian es tres veces la edad de Harriet, y Harriet tiene la mitad de la edad de Zack. Calcule la edad promedio de los tres en tres años si Harriet tiene ahora 21 años.	45
Cuatro estudiantes anotaron un total de 251 puntos en un juego de mesa. Naomi anotó 68 de los puntos. Yuri anotó 10 más de la mitad de puntos que anotó Naomi y Brianna anotó 17 puntos más que Naomi. ¿Cuántos puntos anotó Jojo?	54
A Carmen le lleva 10 minutos terminar un crucigrama y 5 minutos terminar un sudoku. Durante el fin de semana, resolvió 3 crucigramas y 8 sudokus. ¿Cuánto tiempo dedicó a estos juegos?	70
Un tanque de agua se llena con 120 litros de agua. Celine usó 90 litros de agua del tanque para regar su pequeño jardín. Luego, pudo recolectar agua de lluvia, que era el doble de la cantidad que había quedado. ¿Cuántos litros de agua hay en el tanque ahora?	90
Andy planta 90 geranios y 40 petunias menos que geranios. ¿Cuántas flores planta en total?	140
Una empresa gasta $15 000 en publicidad durante un año y luego gasta la tercera parte de ese monto en publicidad para otro año. ¿Cuál es el monto total que la empresa gastó en publicidad durante los dos años?	20000
Carlos y Benji están en la playa. Carlos alquila una canoa por $30 la hora y Benji alquila un gomón con forma de banana por $18 la hora. Si Carlos usa el barco durante 3 horas y Benji usa el gomón durante 5 horas, ¿cuánto pagarán en total por los alquileres?	180
Andrew planea hacer un viaje por carretera de Nueva Jersey a Rochester. Se necesitan 6 días para viajar en autobús y la mitad de días para viajar en automóvil de Nueva Jersey a Rochester. ¿Cuántos días viajará si planea ir a Rochester en autobús y regresar de Rochester en automóvil?	9
James está contando sus cartas de Pokémon. Tiene 30 de tipo fuego, 20 de tipo hierba y 40 de tipo agua. Si pierde 8 de tipo agua y compra 14 de tipo hierba, ¿cuál es el porcentaje de probabilidad (redondeado al entero más cercano) de que una carta elegida al azar sea de tipo agua?	33
Chad pidió un burrito personalizado para el almuerzo. El burrito base cuesta $6,50. Le agrega un adicional de carne de res por $2,00, un adicional de queso por $1,00, palta por $1,00 y 2 salsas por $0,25 cada una. Decide mejorar su comida por $3,00 más, lo que le permitirá agregar patatas y una bebida. Tiene una tarjeta de regalo de $5,00 que usa al pagar. ¿Cuánto dinero debe todavía?	9
Kalinda está armando un rompecabezas de 360 piezas con su mamá. Normalmente, Kalinda puede agregar 4 piezas por minuto. Por lo general, su mamá puede ubicar la mitad de las piezas por minuto que Kalinda. ¿Cuántas horas les llevará armar este rompecabezas?	1
Una plantación de sandías produjo 120 sandías pequeñas. Ashlyn fue a la plantación dos meses después y descubrió que el 30 % de las sandías estaba listo para cosechar, así que se las llevó a su casa. Cuando regresó dos semanas después, 3/4 de las sandías restantes estaba lista, así que las cosechó. ¿Cuántas sandías no estaban listas para la cosecha después de las dos semanas?	21
Mark compra una flota de 12 automóviles para su empresa. Cada automóvil se vende a $20 000. Paga el 10 % de impuestos sobre los vehículos y luego otros $1000 para registrar a cada uno de ellos. ¿Cuánto paga por todo?	276,000
A Kylie y Robert les encanta ir a la playa a recoger conchas. El lunes, Kylie recoge 5 conchas más que Robert, que recoge 20 conchas. El martes, Kylie recoge 2 veces más de las conchas que recogió el lunes. ¿Cuántas conchas recoge Kylie el martes?	50
Dax fue a su granja a recolectar algunas manzanas y encontró la mitad de bichos que de hormigas en la huerta. Si había 50 hormigas, calcule la cantidad total de insectos en la huerta.	75
Hay 36 pingüinos tomando sol en la nieve. Un tercio de ellos salta al océano y se pone a nadar. Otro tercio se dirige hacia una cueva para alimentarse. ¿Cuántos pingüinos quedaron tomando sol todavía?	12
Steve decide comenzar a comer más tomates y decide cultivar sus propios tomates cherry. Come dos veces más que su novia. Come 6 por día. Si una rama puede producir 3 tomates por semana, ¿cuántas ramas necesita?	21
John pide algunas pizzas para compartir con sus amigos. Son 20 amigos en total, y John quiere asegurarse de que cada uno pueda comer 4 porciones. Las pizzas solo se venden cortadas en 8 porciones. ¿Cuántas pizzas debe pedir John?	10
Ram usa muchos bolígrafos. Se dio cuenta de que puede ahorrar dinero si mezcla la tinta de cinco bolígrafos vacíos para llenar un bolígrafo completo. Si compra 25 bolígrafos y luego los usa para hacer bolígrafos nuevos cuando se están quedando sin tinta, ¿cuántos bolígrafos termina teniendo en total?	31
Johnny tomó su mesada de $20 y le agregó $10 más. Luego, invirtió esta suma de dinero, que se triplicó en un año. ¿Cuánto dinero tenía después de un año?	90
Mary tiene dos años menos que Joan, que tiene cinco años más que Jessa. Si Jessa tiene 20 años, ¿cuántos años suman las edades de las tres niñas?	68
La cantidad de estudiantes en un vestíbulo escolar era 1000. El vestíbulo tenía 3 entradas: A, B y C, que también se usaban como salidas. Si después de una reunión, el 30 % de los estudiantes salió del edificio por la salida A, 3/5 de los estudiantes restantes salió por la salida B y el resto salió por la salida C, calcule la cantidad de estudiantes que salieron por la salida C.	280
James tiene 6 caramelos más que Robert. John tiene el doble de caramelos que Robert. Si John tiene 54 caramelos, ¿cuántos caramelos más tiene John que James?	21
Dolly tiene dos libros. Pandora tiene uno. Si tanto Dolly como pandora leen sus propios libros y los de la otra, ¿cuántos libros terminarán leyendo en conjunto?	6
Mike era amigo por correspondencia de 5 personas. Dejó de ser amigo por correspondencia de 2 de ellos. Cada uno envía 2 cartas por semana de 5 páginas de longitud. Él responde de la misma forma. Puede escribir una página cada 6 minutos. ¿Cuántas horas pasa escribiendo por semana?	3
Jason tiene un plan de telefonía de 1000 minutos por mes. Todos los días tiene una llamada de 15 minutos con su jefe y, este mes, ha tenido 300 minutos adicionales de llamadas a otras personas. ¿Cuántos minutos le quedan sin usar a Jason si este mes tiene 30 días?	250
Griffin tiene 24 patatas fritas, pero Kyle le sacó 5. Billy le sacó el doble que Kyle. Ginger le dio a Griffin un puñado de sus patatas fritas, y luego Colby le sacó a Griffin 3 patatas menos que la cantidad que Kyle había sacado. Si al final Griffin tenía 27 patatas fritas, ¿cuántas patatas fritas le dio Ginger a Griffin?	20
Hay 4 caracoles en un acuario y 32 caracoles en otro acuario. La diferencia entre la cantidad de caracoles de los dos acuarios es el doble de la cantidad de peces en ambos acuarios. Si los dos acuarios tienen la misma cantidad de peces, ¿cuántos peces hay en cada acuario?	7
La maquilladora de Jeans le cobra $250 la hora. Jeans necesita un maquillaje muy costoso para una película que está rodando y demora 6 horas en hacérselo todos los días, y lo necesita 4 veces por semana. La película demora 5 semanas en terminar. Después de terminar la película, la maquilladora le hace un 10 % de descuento a Jean por el volumen de trabajo realizado. ¿Cuánto pagó Jean?	27000
Isabelle compró artículos de fiesta para la fiesta de cumpleaños de su hermanita. Gastó $12 en ingredientes para el pastel, $43 en regalos de cumpleaños, $15 en decoraciones, $4 en tarjetas de invitación y $22 en bolsas con golosinas para los invitados a la fiesta. Dividió el costo en tres partes iguales con su padre y su madre. ¿Cuántos dólares pagó cada persona?	32
Un chef compró 4 bolsas de cebollas. Cada bolsa pesa 50 libras. Una libra de cebollas cuesta $1,50. ¿Cuánto dinero gastó el chef?	300
El lunes, Sue comió 4 veces más de galletas que su hermana. El martes, comió dos veces más de galletas que su hermana. Su hermana comió 5 galletas el lunes y 13 al día siguiente. Si 1 galleta tiene 200 calorías, ¿cuántas calorías más consumió Sue con respecto a su hermana?	5,600
